filename,row_number
IMG_3330.JPG,1
IMG_3332.JPG,3
IMG_3333.JPG,7
IMG_3334.JPG,
IMG_3335.JPG,15
IMG_3336.JPG,19
IMG_3337.JPG,21
IMG_3338.JPG,23
IMG_3339.JPG,
IMG_3340.JPG,
IMG_3341.JPG,35
IMG_3342.JPG,
IMG_3343.JPG,41
IMG_3344.JPG,43
IMG_3345.JPG,47
IMG_3346.JPG,51
IMG_3347.JPG,55
IMG_3348.JPG,59
IMG_3349.JPG,61
IMG_3350.JPG,63
IMG_3351.JPG,67
IMG_3352.JPG,71
IMG_3353.JPG,75
IMG_3354.JPG,79
IMG_3355.JPG,81
IMG_3356.JPG,83
IMG_3357.JPG,87
IMG_3358.JPG,91
IMG_3359.JPG,95
IMG_3360.JPG,99
IMG_3361.JPG,99
IMG_3362.JPG,95
IMG_3363.JPG,91
IMG_3364.JPG,87
IMG_3365.JPG,83
IMG_3366.JPG,81
IMG_3367.JPG,79
IMG_3368.JPG,75
IMG_3369.JPG,71
IMG_3370.JPG,67
IMG_3371.JPG,63
IMG_3372.JPG,61
IMG_3373.JPG,59
IMG_3374.JPG,55
IMG_3375.JPG,51
IMG_3376.JPG,47
IMG_3377.JPG,43
IMG_3378.JPG,41
IMG_3379.JPG,
IMG_3380.JPG,
IMG_3381.JPG,
IMG_3382.JPG,
IMG_3383.JPG,
IMG_3384.JPG,
IMG_3385.JPG,19
IMG_3386.JPG,
IMG_3387.JPG,11
IMG_3388.JPG,
IMG_3389.JPG,3
IMG_3390.JPG,1
summary.csv,
